{"lr": {"rmse": [0.05720332375736835, 0.05662233067349195, 0.060190291910683376, 0.061522200380363365, 0.06365514726718902, 0.06816749631086565, 0.06754288531694506, 0.06821794042996882, 0.07600173177618981, 0.07572156947977854, 0.07668011060368761, 0.07556864950396157, 0.07189818946376629, 0.07407091149951643, 0.07987199625901642, 0.07888824027444113, 0.07940007590387975, 0.07778658933313871, 0.0799049918906692, 0.07683820295444384, 0.07752654146802958, 0.07922425901191818, 0.07927083409927192, 0.07552082228055207], "mae": [0.027260918688548987, 0.02833289516514467, 0.02907106066200363, 0.03023580334074282, 0.03151508726626744, 0.03295809881288444, 0.03386727405428011, 0.035084694976291804, 0.04110713342542963, 0.04162314049865271, 0.04240721288866227, 0.041385496642082464, 0.04003402284621639, 0.040819224151127084, 0.04311299744957317, 0.0432180472970702, 0.043787212518182524, 0.042585387048338745, 0.042546522442745864, 0.04137819444757578, 0.04040635951326812, 0.04130428252729508, 0.041187262123486966, 0.03909600020275877], "avg_rmse": 0.07238730549371401, "avg_mae": 0.0380968470411929, "time": 0.004012653580572032}, "rf": {"rmse": [0.05617515240651057, 0.056366079643255684, 0.05994023676061678, 0.06196155023510953, 0.06280519902691929, 0.06544966582883265, 0.06563275697088404, 0.06790996334260786, 0.07588726590501998, 0.07675352908576549, 0.07736438279854595, 0.07511593054462765, 0.07103170449658149, 0.07301575793554492, 0.07941025185534348, 0.07762620348223086, 0.07756275219531387, 0.07691260628005579, 0.0790657190857587, 0.0769642186576581, 0.07646096735632141, 0.0775341803361994, 0.07830299364493262, 0.07352786052135062], "mae": [0.02756572241762089, 0.027971596688888056, 0.02838682389759443, 0.02928368011564614, 0.03003066925209257, 0.030981896610982787, 0.032541114874216646, 0.03450843262118259, 0.04060922324227459, 0.04042781893721868, 0.04145530549275469, 0.04061863586032785, 0.03882735739115781, 0.03976617884515814, 0.04221615638555012, 0.04209316293808199, 0.04228164138069226, 0.041795442337821224, 0.0418088160433669, 0.04127370947294052, 0.039871260215315084, 0.04091434170618313, 0.041029450749428945, 0.038590298735532186], "avg_rmse": 0.07161570534983278, "avg_mae": 0.03728536400883451, "time": 0.006211432003522221}, "arima": {"rmse": [0.03904596747213808, 0.05742440415059079, 0.08156602160762531, 0.10341516782836496, 0.11490447184481566, 0.2195000778620412, 0.21708359592825363, 0.20478266637371267, 0.2068043525394571, 0.20819528907768386, 0.19523720608488315, 0.22186092848467764, 0.22068742520536855, 0.23387357416810356, 0.2557530058175867, 0.2563212703633173, 0.2598271798659895, 0.25918395698279756, 0.27183372663655936, 0.25734654452357536, 0.2548402443040484, 0.2656624992550605, 0.2761248740573733, 0.27343987857172514], "mae": [0.011856859044170102, 0.011886797486019667, 0.0007394655691465394, 0.006486798813828656, 0.007106853666440667, 0.10851749822002546, 0.09183786456920014, 0.10249192492483901, 0.08334392292013425, 0.061200713065357, 0.04069862086167527, 0.053922490371294755, 0.05155425383910026, 0.06608370079942863, 0.08068569108229082, 0.0803949742309741, 0.0888402557086034, 0.08771439991719245, 0.09210118953173102, 0.00339516550784121, 0.006853426277840481, 0.0029118882676406363, 0.017354365878680975, 0.029100788133368288], "avg_rmse": 0.20644643037523958, "avg_mae": 0.049461662861951, "time": 0.9175510936313205}}