{"lr": {"avg_rmse": 0.0015848987868554302, "avg_mae": 0.00033422222101954713, "time": 50.80737900733948}, "rf": {"avg_rmse": 0.021163434018754288, "avg_mae": 0.009359502341806162, "time": 83.61699604988098}, "gbt": {"avg_rmse": 0.01871957906175182, "avg_mae": 0.008068859769313073, "time": 47.39177680015564}}