{"lr": {"time": 4.681710995105712e-05}, "rf": {"time": 0.00021064415232065998}}