{"lr": {"time": 79.07834649085999}, "rf": {"time": 285.8991985321045}, "gbt": {"time": 306.4739565849304}}